Workbook

Sheet Parametros
A1: Parametro | B1: Valor | C1: Nota
A2: Costo unitario (C) | B2: 50 | C2: US$ por unidad
A3: Costo de ordenar (S) | B3: 200 | C3: US$ por pedido
A4: h (fracción anual) | B4: 0.2 | C4: Costo de mantener sobre C
A5: Z (nivel de servicio) | B5: 1.65 | C5: 95% ≈ 1.65; 99% ≈ 2.33
A6: H (costo mantener/año) | B6: =B2*B4 -> 10 | C6: H = C × h (US$ por unidad/año)

Sheet SKU-A
B4: Mes | C4: M1 | D4: M2 | E4: M3 | F4: M4 | G4: M5 | H4: M6 | I4: M7 | J4: M8 | K4: M9 | L4: M10 | M4: M11 | N4: M12
B5: Demanda | C5: 120 | D5: 100 | E5: 140 | F5: 80 | G5: 160 | H5: 100 | I5: 130 | J5: 115 | K5: 98 | L5: 145 | M5: 135 | N5: 110
B8: Promedio mensual | C8: =AVERAGE(C5:N5) -> 119.41667 | E8: Parámetros | F8: Valor
B9: Desviación estándar (muestral) S | C9: =STDEV(C5:N5) -> 23.26706 | E9: C (costo unitario) | F9: =Parametros!B2 -> 50
B10: Demanda anual (D) | C10: =SUM(C5:N5) -> 1433 | E10: S (costo ordenar) | F10: =Parametros!B3 -> 200
B11: Lead time (L, meses) | C11: 1 | E11: h (fracción) | F11: =Parametros!B4 -> 0.2
E12: H (mantener/año) | F12: =Parametros!B6 -> 10
E13: Z (nivel servicio) | F13: 1.66 | G13: 0.95
G14: 1
B18: EOQ (unidades) | C18: =ROUND(SQRT(2*C10*F10/F12),0) -> 239
B19: SS (stock seguridad) | C19: =+F13*C9*C11^(1/2) -> 38.623319
B20: ROP (punto reorden) | C20: =+C8*C11+C19 -> 158.03999
B22: Inventario promedio (uds) | C22: =C18/2 + C19 -> 158.12332
B23: Inventario promedio $ | C23: =+C22*F9 -> 7906.1659
B24: Costo mantener anual ($) | C24: =C22*F12 -> 1581.2332 | J24: LLM | L24: 100-250-ARRIBA
B25: COGS ($) | C25: =+C10*F9 -> 71650 | J25: AGENTES | L25: 8-10 DESARROLLO / 1,5 Y 2 $/MES
B26: Rotación (veces) | C26: =+C25/C23 -> 9.0625469 | J26: CHAT GPT / COPILOT / CLAUDE / DEEP SEEK /
B27: DOH (días de inventario) | C27: =365 / C26 -> 40.275653 | J27: BOT

Sheet SKU-B
A1: Mes | B1: M1 | C1: M2 | D1: M3 | E1: M4 | F1: M5 | G1: M6 | H1: M7 | I1: M8 | J1: M9 | K1: M10 | L1: M11 | M1: M12
A2: Demanda | B2: 60 | C2: 55 | D2: 70 | E2: 65 | F2: 80 | G2: 75 | H2: 68 | I2: 90 | J2: 72 | K2: 85 | L2: 78 | M2: 69
A5: Promedio mensual | B5: =AVERAGE(B2:M2) -> 72.25 | D5: Parámetros | E5: Valor
A6: Desviación estándar (muestral) S | B6: =STDEV(B2:M2) -> 10.055528 | D6: C (costo unitario) | E6: =Parametros!B2 -> 50 | I6: =+(((B2-B5)^2+(C2-B5)^2+(D2-B5)^2+(E2-B5)^2+(F2-B5)^2+(G2-B5)^2+(H2-B5)^2+(I2-B5)^2+(J2-B5)^2+(K2-B5)^2+(L2-B5)^2+(M2-B5)^2)/(12-1))^(1/2) -> 10.055528
A7: Demanda anual (D) | B7: =SUM(B2:M2) -> 867 | D7: S (costo ordenar) | E7: =Parametros!B3 -> 200
A8: Lead time (L, meses) | B8: 2 | D8: h (fracción) | E8: =Parametros!B4 -> 0.2
D9: H (mantener/año) | E9: =Parametros!B6 -> 10
D10: Z (nivel servicio) | E10: =Parametros!B5 -> 1.65
A15: EOQ (unidades) | B15: =ROUND(SQRT(2*B7*E7/E9),0) -> 186
A16: SS (stock seguridad) | B16: =+E10*B6*B8^(1/2) -> 23.464095
A17: ROP (punto reorden) | B17: =+B5*B8+B16 -> 167.96409
A19: Inventario promedio (uds) | B19: =B15/2 + B16 -> 116.46409
A20: Inventario promedio $ | B20: =+B19*E6 -> 5823.2047
A21: Costo mantener anual ($) | B21: =B19*E9 -> 1164.6409
A22: COGS ($) | B22: =+B7*E6 -> 43350
A23: Rotación (veces) | B23: =+B22/B20 -> 7.4443544
A24: DOH (días de inventario) | B24: =365 / B23 -> 49.030444

Sheet Resumen
A1: SKU | B1: EOQ | C1: SS | D1: ROP | E1: Inventario Promedio (uds) | F1: Costo Mantener ($) | G1: Rotación | H1: DOH
A2: SKU-A | B2: =+'SKU-A'!C18 -> 239 | C2: =+'SKU-A'!C19 -> 38.623319 | D2: =+'SKU-A'!C20 -> 158.03999 | E2: =+'SKU-A'!C22 -> 158.12332 | F2: =+'SKU-A'!C24 -> 1581.2332 | G2: =+'SKU-A'!C26 -> 9.0625469 | H2: =+'SKU-A'!C27 -> 40.275653
A3: SKU-B | B3: =+'SKU-B'!B15 -> 186 | C3: =+'SKU-B'!B16 -> 23.464095 | D3: =+'SKU-B'!B17 -> 167.96409 | E3: =+'SKU-B'!B19 -> 116.46409 | F3: =+'SKU-B'!B21 -> 1164.6409 | G3: =+'SKU-B'!B23 -> 7.4443544 | H3: =+'SKU-B'!B24 -> 49.030444

Sheet Instrucciones
A1: Cómo usar este archivo
A2: 1) Cambia parámetros en la hoja Parametros (C, S, h, Z). H se calcula solo.
A3: 2) En cada hoja de SKU puedes modificar la demanda y el lead time.
A4: 3) Los cálculos (EOQ, SS, ROP, costos, rotación, DOH) se actualizan automáticamente.
A5: 4) Para sensibilidad de nivel de servicio, cambia Z=2.33 y observa SS y ROP.
